<?xml version="1.0" encoding="UTF-8"?>
<extension type="component" method="upgrade" version="5.0">
    <name>com_mediausage</name>
    <author>Eric DUCAS</author>
    <creationDate>21-01-2025</creationDate>
    <version>1.4.5</version>
    <description>Composant d'analyse du Media Manager</description>

    <!-- Namespace obligatoire -->
    <namespace path="src">Joomla\Component\Mediausage</namespace>

    <!-- Déclaration service provider -->
    <services>
        <service provider="Joomla\Component\Mediausage\Administrator\Service\provider" type="component" />
    </services>

    <administration>

        <files folder="admin">
            <filename>access.xml</filename>
            <filename>config.xml</filename>
            <filename>config.css</filename>
            <filename>mediausage.php</filename>
            <folder>media</folder>
            <folder>services</folder>
            <folder>src</folder>
            <folder>language</folder>
        </files>

        <languages folder="admin/language">
            <language tag="en-GB">en-GB/en-GB.com_mediausage.sys.ini</language>
            <language tag="en-GB">en-GB/en-GB.com_mediausage.ini</language>
            <language tag="fr-FR">fr-FR/fr-FR.com_mediausage.sys.ini</language>
            <language tag="fr-FR">fr-FR/fr-FR.com_mediausage.ini</language>
        </languages>

        <menu link="index.php?option=com_mediausage">
            COM_MEDIAUSAGE
        </menu>

        <defaultview>dashboard</defaultview>

    </administration>

    <config>
        <access>access.xml</access>
        <configfile>config.xml</configfile>
    </config>

    <updateservers>
        <server type="extension" priority="1" name="Analyse Media Manager">
            <![CDATA[https://raw.githubusercontent.com/Eric69-dev/simba-plugins-sgamise/refs/heads/main/MediaUsage]]>
        </server>
    </updateservers>

</extension>
