<?xml version="1.0" encoding="utf-8"?>
<extension type="plugin" group="system" method="upgrade">
    <name>PROTECTION DES MEDIAS</name>
    <version>1.4.1</version>
    <creationDate>25-11-2025</creationDate>
    <author>Eric DUCAS (SGAMI-SE)</author>
    <authorEmail>eric.ducas@interieur.gouv.fr</authorEmail>
    <description>Plugin pour protéger certains fichiers médias contre la suppression.</description>

    <files>
        <filename plugin="protectmedia">protectmedia.php</filename>
    </files>

    <media destination="protectmedia">
		<folder>js</folder>
		<folder>css</folder>
    </media>

    <config>
        <fields name="params">
            <fieldset name="basic" label="Paramètres">
                <field 
                    name="protected_files" 
                    type="textarea" 
                    label="Fichiers protégés"
                    description="Liste des fichiers protégés (un chemin relatif par ligne). Exemple : images/logo.png"
                    rows="10"
                />
            </fieldset>
        </fields>
    </config>
</extension>