<?xml version="1.0" encoding="utf-8"?>
<extension type="plugin" group="system" method="upgrade">
    <name>PROTECTION DES MEDIAS</name>
    <version>1.4.2</version>
    <creationDate>22-01-2026</creationDate>
    <author>dsic-se-support-web</author>
    <description>Plugin pour protéger certains fichiers médias contre la suppression.</description>

    <files>
        <filename plugin="protectmedia">protectmedia.php</filename>
    </files>

    <media destination="protectmedia">
		<folder>js</folder>
		<folder>css</folder>
    </media>

    <config>
        <fields name="params">
            <fieldset name="basic" label="Paramètres">
                <field 
                    name="protected_files" 
                    type="textarea" 
                    label="Fichiers protégés"
                    description="Liste des fichiers protégés (un chemin relatif par ligne). Exemple : images/logo.png"
                    rows="10"
                />
            </fieldset>
        </fields>
    </config>

    <updateservers>
        <server type="extension" priority="1" name="Protection des Medias">
            <![CDATA[https://raw.githubusercontent.com/dsic-se-support-web/simba-plugins-sgamise/refs/heads/main/ProtectMedia]]>
        </server>
    </updateservers>
</extension>