<?xml version="1.0" encoding="utf-8"?>
<extension type="component" method="upgrade" version="5.0">
    <name>com_akeebacleanup</name>
    <version>1.2.1</version>
    <creationDate>28-01-2026</creationDate>
    <author>dsic-se-support-web</author>
    <description>Nettoyage des sauvegardes obsolètes Akeeba</description>

    <!-- Namespace obligatoire -->
    <namespace path="src">Joomla\Component\Akeebacleanup</namespace>

    <!-- Déclaration service provider -->
    <services>
        <service provider="Joomla\Component\Akeebacleanup\Administrator\Service\provider" type="component" />
    </services>

    <administration>
        <files folder="admin">
            <filename>akeebacleanup.php</filename>
            <filename>access.xml</filename>
            <folder>services</folder>
            <folder>src</folder>
            <folder>language</folder>
        </files>

        <languages folder="admin/language">
            <language tag="fr-FR">fr-FR/fr-FR.com_akeebacleanup.sys.ini</language>
            <language tag="fr-FR">fr-FR/fr-FR.com_akeebacleanup.ini</language>
        </languages>
    
        <menu link="index.php?option=com_akeebacleanup">
            Akeeba Cleanup
        </menu>

        <defaultview>cleanup</defaultview>

    </administration>

    <config>
        <access>access.xml</access>
    </config>

    <!-- Dépôt Github de mise à jour -->
    <updateservers>
        <server type="extension" priority="1" name="Akeeba Cleanup">
            <![CDATA[https://raw.githubusercontent.com/dsic-se-support-web/simba-plugins-sgamise/refs/heads/main/AkeebaCleanup]]>
        </server>
    </updateservers>
</extension>
