<?xml version="1.0" encoding="utf-8"?>
<extension type="plugin" group="system" method="upgrade" version="5.0">
    <name>Image optimiseur</name>
    <version>1.3.1</version>
    <creationDate>01-12-2025</creationDate>
    <author>Eric DUCAS (SGAMI-SE)</author>
    <authorEmail>eric.ducas@interieur.gouv.fr</authorEmail>
    <description>
		Plugin d'optimisation d'images à la volée au moment de l'upload
        (compression et réduction de ratio). L'image originale n'est pas conservée.
        Formats supportés : JPG, JPEG, PNG, GIF statique, WebP statique.
        Les BMP, SVG et GIF animés sont ignorés.
	</description>

    <files>
        <filename plugin="imageoptimiseur">imageoptimiseur.php</filename>
    </files>

    <config>
        <fields name="params">
            <fieldset name="basic" label="Paramètres du traitement d'images">

                <field name="enable_resize" type="radio"
                       label="Activer le redimensionnement"
                       default="1">
                    <option value="1">Oui</option>
                    <option value="0">Non</option>
                </field>

                <field name="max_limit" type="number"
                       label="Limite maximale (largeur ou hauteur) en px"
                       description="Redimensionne l'image uniquement si une dimension dépasse cette limite. Le ratio est conservé."
                       default="1200" min="1" />

                <field name="enable_compression" type="radio"
                       label="Activer la compression"
                       default="1">
                    <option value="1">Oui</option>
                    <option value="0">Non</option>
                </field>

                <field name="compression" type="number"
                       label="Compression JPG / WebP (0-100), PNG (conversion en échelle 0-9)"
                       description="Pour PNG la compression sera convertie en échelle 0-9."
                       default="82" min="0" max="100" />

                <field name="supported_formats" type="text"
                       label="Formats supportés"
                       description="Liste des formats réellement traités par le plugin. BMP, SVG et GIF animé sont ignorés."
                       default="jpg, jpeg, png, gif (non animé), webp (statique)"
                       readonly="true" />

            </fieldset>
        </fields>
    </config>
</extension>
